1,2,1,5,非常好用的天气服务，数据准确，响应速度快！,2025-11-04 06:25:49.699853 +00:00,2025-11-04 06:25:49.699853 +00:00
2,3,1,4,功能不错，但有时候API响应有点慢,2025-11-09 06:25:49.699853 +00:00,2025-11-09 06:25:49.699853 +00:00
3,4,1,5,推荐使用，界面友好,2025-11-14 06:25:49.699853 +00:00,2025-11-14 06:25:49.699853 +00:00
4,2,3,5,GitHub集成非常方便，大大提高了开发效率,2025-11-06 06:25:49.699853 +00:00,2025-11-06 06:25:49.699853 +00:00
5,3,3,4,功能强大，但文档可以更详细一些,2025-11-12 06:25:49.699853 +00:00,2025-11-12 06:25:49.699853 +00:00
6,4,3,5,完美！,2025-11-16 06:25:49.699853 +00:00,2025-11-16 06:25:49.699853 +00:00
7,2,11,5,GPT-4服务非常稳定，AI能力强大,2025-11-08 06:25:49.699853 +00:00,2025-11-08 06:25:49.699853 +00:00
8,3,11,5,最好的AI服务，没有之一,2025-11-10 06:25:49.699853 +00:00,2025-11-10 06:25:49.699853 +00:00
9,4,11,4,很好用，但价格有点贵,2025-11-13 06:25:49.699853 +00:00,2025-11-13 06:25:49.699853 +00:00
10,2,13,4,地图服务功能完整，但偶尔会有定位偏差,2025-11-11 06:25:49.699853 +00:00,2025-11-11 06:25:49.699853 +00:00
11,3,15,5,音乐推荐很精准，很喜欢！,2025-11-17 06:25:49.699853 +00:00,2025-11-17 06:25:49.699853 +00:00
12,4,7,4,PostgreSQL工具不错，但需要更多示例,2025-11-15 06:25:49.699853 +00:00,2025-11-15 06:25:49.699853 +00:00
