1,天气查询,2025-11-24 06:24:27.960601 +00:00
2,数据可视化,2025-11-24 06:24:27.960601 +00:00
3,REST API,2025-11-24 06:24:27.960601 +00:00
4,文件上传,2025-11-24 06:24:27.960601 +00:00
5,数据库操作,2025-11-24 06:24:27.960601 +00:00
6,CRM,2025-11-24 06:24:27.960601 +00:00
7,GPT模型,2025-11-24 06:24:27.960601 +00:00
8,地图服务,2025-11-24 06:24:27.960601 +00:00
9,音乐推荐,2025-11-24 06:24:27.960601 +00:00
10,实时数据,2025-11-24 06:24:27.960601 +00:00
11,JSON处理,2025-11-24 06:24:27.960601 +00:00
12,PostgreSQL,2025-11-24 06:24:27.960601 +00:00
13,MySQL,2025-11-24 06:24:27.960601 +00:00
14,企业级,2025-11-24 06:24:27.960601 +00:00
15,AI助手,2025-11-24 06:24:27.960601 +00:00
16,地理位置,2025-11-24 06:24:27.960601 +00:00
17,娱乐,2025-11-24 06:24:27.960601 +00:00
